lambda_min,lambda_max,N_halo,z_mean
15,20,10185,0.46009004
20,30,13131,0.4638874
30,45,5791,0.45920765
45,60,1565,0.45643923
60,200,1018,0.4411607
